{
    "total_runtime": 165.0241677761078,
    "num_documents": 3,
    "input_load_time": 0,
    "workflows": {
        "create_base_text_units": {
            "overall": 0.1031193733215332
        },
        "create_final_documents": {
            "overall": 0.04596590995788574
        },
        "extract_graph": {
            "overall": 80.0001962184906
        },
        "finalize_graph": {
            "overall": 10.827587842941284
        },
        "create_communities": {
            "overall": 0.16240334510803223
        },
        "create_final_text_units": {
            "overall": 0.10422134399414062
        },
        "create_community_reports": {
            "overall": 65.97327446937561
        },
        "generate_text_embeddings": {
            "overall": 7.6891114711761475
        }
    }
}