{
    "total_runtime": 70.72614669799805,
    "num_documents": 1,
    "input_load_time": 0,
    "workflows": {
        "create_base_text_units": {
            "overall": 0.8566973209381104
        },
        "create_final_documents": {
            "overall": 0.02888202667236328
        },
        "extract_graph": {
            "overall": 61.54179644584656
        },
        "compute_communities": {
            "overall": 7.195590972900391
        },
        "create_final_entities": {
            "overall": 0.03056645393371582
        },
        "create_final_relationships": {
            "overall": 0.03693366050720215
        },
        "create_final_nodes": {
            "overall": 0.04752969741821289
        },
        "create_final_communities": {
            "overall": 0.06902384757995605
        },
        "create_final_text_units": {
            "overall": 0.06148815155029297
        },
        "create_final_community_reports": {
            "overall": 0.25986289978027344
        },
        "generate_text_embeddings": {
            "overall": 0.44132494926452637
        }
    }
}