{
    "total_runtime": 132.8618721961975,
    "num_documents": 1,
    "input_load_time": 0,
    "workflows": {
        "create_base_text_units": {
            "overall": 0.8281769752502441
        },
        "create_final_documents": {
            "overall": 0.028101444244384766
        },
        "extract_graph": {
            "overall": 90.75181937217712
        },
        "compute_communities": {
            "overall": 16.877655506134033
        },
        "create_final_entities": {
            "overall": 0.02849745750427246
        },
        "create_final_relationships": {
            "overall": 0.038660526275634766
        },
        "create_final_nodes": {
            "overall": 0.04635143280029297
        },
        "create_final_communities": {
            "overall": 0.07209944725036621
        },
        "create_final_text_units": {
            "overall": 0.06184220314025879
        },
        "create_final_community_reports": {
            "overall": 20.65647840499878
        },
        "generate_text_embeddings": {
            "overall": 3.2954699993133545
        }
    }
}