{
    "total_runtime": 1036.3658092021942,
    "num_documents": 3,
    "input_load_time": 0,
    "workflows": {
        "create_base_text_units": {
            "overall": 3.201324224472046
        },
        "create_final_documents": {
            "overall": 0.12195372581481934
        },
        "extract_graph": {
            "overall": 796.0878691673279
        },
        "compute_communities": {
            "overall": 12.929967880249023
        },
        "create_final_entities": {
            "overall": 0.10295295715332031
        },
        "create_final_relationships": {
            "overall": 0.1274881362915039
        },
        "create_final_nodes": {
            "overall": 0.19770193099975586
        },
        "create_final_communities": {
            "overall": 0.3866453170776367
        },
        "create_final_text_units": {
            "overall": 0.31486010551452637
        },
        "create_final_community_reports": {
            "overall": 153.97421216964722
        },
        "generate_text_embeddings": {
            "overall": 68.27713203430176
        }
    }
}