{
    "total_runtime": 162.29090094566345,
    "num_documents": 3,
    "input_load_time": 0,
    "workflows": {
        "create_base_text_units": {
            "overall": 0.1488938331604004
        },
        "create_final_documents": {
            "overall": 0.0922384262084961
        },
        "extract_graph": {
            "overall": 83.11652755737305
        },
        "finalize_graph": {
            "overall": 10.951587677001953
        },
        "create_communities": {
            "overall": 0.1666088104248047
        },
        "create_final_text_units": {
            "overall": 0.10763978958129883
        },
        "create_community_reports": {
            "overall": 61.934998512268066
        },
        "generate_text_embeddings": {
            "overall": 5.591717720031738
        }
    }
}