{
    "total_runtime": 926.2757105827332,
    "num_documents": 3,
    "input_load_time": 0,
    "workflows": {
        "create_base_text_units": {
            "overall": 1.0001499652862549
        },
        "create_final_documents": {
            "overall": 0.03438615798950195
        },
        "extract_graph": {
            "overall": 657.9910850524902
        },
        "compute_communities": {
            "overall": 9.022304058074951
        },
        "create_final_entities": {
            "overall": 0.03135037422180176
        },
        "create_final_relationships": {
            "overall": 0.04985642433166504
        },
        "create_final_nodes": {
            "overall": 0.0503084659576416
        },
        "create_final_communities": {
            "overall": 0.12225103378295898
        },
        "create_final_text_units": {
            "overall": 0.08681559562683105
        },
        "create_final_community_reports": {
            "overall": 183.14777445793152
        },
        "generate_text_embeddings": {
            "overall": 74.54689526557922
        }
    }
}